trainer/Eval_AverageReturn,trainer/Eval_StdReturn,trainer/Eval_MaxReturn,trainer/Eval_MinReturn,trainer/Eval_AverageEpLen,trainer/Train_AverageReturn,trainer/Train_StdReturn,trainer/Train_MaxReturn,trainer/Train_MinReturn,trainer/Train_AverageEpLen,trainer/Training Loss,trainer/Initial_DataCollection_AverageReturn
-20.24086,0.972214,-18.42406,-21.76152,301.0,-19.268324,0.0,-19.268324,-19.268324,301.0,None,-19.268324
129.35887,11.118162,146.1406,111.87665,301.0,164.97012,0.0,164.97012,164.97012,301.0,-5.958548545837402,-19.268324
113.69607,61.198322,271.35776,13.040112,301.0,64.28814,0.0,64.28814,64.28814,301.0,-17.633285522460938,-19.268324
164.11238,45.26852,238.1607,71.75867,301.0,194.62415,0.0,194.62415,194.62415,301.0,-11.893545150756836,-19.268324
439.41583,176.78279,718.22577,253.82321,301.0,255.75067,0.0,255.75067,255.75067,301.0,-18.25832176208496,-19.268324
524.4723,198.88232,755.9792,226.11375,301.0,263.6324,0.0,263.6324,263.6324,301.0,-23.57864761352539,-19.268324
493.70502,158.53763,742.8102,302.37924,301.0,584.77527,0.0,584.77527,584.77527,301.0,-24.67228889465332,-19.268324
512.7385,177.9075,908.5823,260.33124,301.0,773.624,0.0,773.624,773.624,301.0,-23.283336639404297,-19.268324
277.09305,72.651085,428.43536,163.44418,301.0,258.53354,0.0,258.53354,258.53354,301.0,-26.69865608215332,-19.268324
611.34326,263.33948,937.70624,229.36552,301.0,785.22656,0.0,785.22656,785.22656,301.0,-26.967269897460938,-19.268324
764.96027,227.76466,942.05273,293.86768,301.0,553.568,0.0,553.568,553.568,301.0,-27.75916290283203,-19.268324
939.651,145.41068,1067.0513,504.61542,301.0,976.7064,0.0,976.7064,976.7064,301.0,-26.07378387451172,-19.268324
1154.1183,108.98189,1289.0366,823.5198,301.0,962.14905,0.0,962.14905,962.14905,301.0,-33.511573791503906,-19.268324
892.4009,326.1864,1202.1545,-143.62947,301.0,680.5507,0.0,680.5507,680.5507,301.0,-31.64021110534668,-19.268324
824.1818,291.34573,1163.3436,295.8476,301.0,1012.3784,0.0,1012.3784,1012.3784,301.0,-37.912437438964844,-19.268324
913.1135,308.34583,1373.2551,275.46774,301.0,1346.9705,0.0,1346.9705,1346.9705,301.0,-37.60725402832031,-19.268324
